head,winner,loser
exhaust pipe,green beans,saddle
bunkbed,wedge,eyepiece
golf cart,jack,pajamas
snowman,grapevine,chime
shovel,cleaver,hawk
slicer,tongs,blouse
boulder,diaper,crumb
wagon,baby,ship
flip-flop,grate,punching bag
spider,porcupine,laundry basket
whiteboard,knee,scraper
trigger,doorhandle,poppy
railing,hawk,lightbulb
domino,pigeon,tee
bongo,trombone,kangaroo
place mat,potholder,shell
candlestick,thermometer,caterpillar
swimsuit,lumber,elbow
batter,dolphin,scrambled egg
tackle,slot machine,dough
sauce,hawk,mouthpiece
bow,chime,muff
lighter,cabbage,fire hydrant
mussel,flute,fudge
bulletproof vest,cockroach,lingerie
bee,hippopotamus,knife
wetsuit,cardigan,crystal
robe,hard disk,sewing machine
jalapeno,brussels sprouts,car
can,shaker,hedgehog
clothes,arugula,photo booth
kettle,shark,jar
handbrake,seismograph,artichoke
turntable,doorknocker,cloak
washcloth,fire,bracelet
bank,switch,swan
lock,cilantro,sheath
abacus,pool table,aardvark
lunchbox,wood,swing set
rubber band,polar bear,terrarium
cellphone,treadmill,whale
fishhook,knife,chick
laptop,videogame,clipper
thorn,platypus,grate
crib,bear,sewing machine
router,catfish,duct
roller coaster,arugula,cruise ship
hoe,violin,thorn
potholder,jet,bolo tie
cactus,bonsai,first-aid kit
ginger,mousetrap,turntable
cross,dolphin,bunkbed
exhaust pipe,cane,wood
poodle,typewriter,ferret
bassinet,scallion,chair
bee,recorder,penguin
mattress,blowfish,sandbag
plunger,cardinal,earring
toothbrush,mop,hedgehog
scallion,spark plug,donut
baseball glove,dice,okra
pecan,mashed potato,tugboat
flypaper,poker,bowling ball
guitar,bun,riser
salami,coffee filter,shell
mullet,parfait,contact lens
slot machine,bin,grate
router,shuffleboard,shark
vacuum,engine,meerkat
dishwashing liquid,water cooler,ram
pizza,egg,buckle
leggings,footbath,milk
baseball glove,soccer ball,swan
honeycomb,gun,cashew
mold,saucer,pigeon
punch,papaya,vulture
kebab,crate,pineapple
rug,ant,box
oar,brussels sprouts,scooter
sim card,okra,pedometer
lock,metronome,boar
joystick,meerkat,whistle
mallet,ukulele,polar bear
red carpet,awning,cockroach
sugar cube,milkshake,knee
doormat,knee,pocket
straw,trombone,cinnamon
combination lock,koala,doorhandle
space shuttle,minivan,blouse
scoop,plastic film,boar
curb,pea,pole
streetlight,artichoke,flag
ashtray,clove,grate
column,beachball,desk
bank,juicer,grate
trumpet,staple,piglet
firewood,wrapping paper,crate
steamroller,necklace,pepper mill
mattress,lamp,piglet
fountain pen,tape measure,horse
chinaware,beaver,tongs
ice cream,coffee bean,dagger
pin,air pump,whale
pecan,ketchup,beachball
stretcher,barbell,espresso
tortellini,spinach,lion
pineapple,cheeseburger,tablet
barrette,headscarf,cilantro
worm,chisel,kangaroo
cleaver,fox,retainer
towel rack,mongoose,paper towel
sheet,meerkat,hanger
coat,tag,jet
curtain,slug,windowsill
tumbleweed,cream,fingerprint
roll,crossbow,hot chocolate
mousepad,puppet,spider web
weather vane,first-aid kit,rocking horse
file,cannon,polar bear
gutter,gumball,magnet
corkscrew,wine bottle,cockatoo
scarecrow,grate,daisy
roller,thimble,corsage
zucchini,oyster,knot
paper,duckling,backgammon
lawnmower,patty,spear
mousse,meatball,tuba
tuxedo,outfit,basil
metal detector,spoon,cabbage
scone,laptop,whisk
polo shirt,skirt,anchor
panther,pig,buckle
grate,filter,insole
drill,vulture,fuse
slug,car door,scorpion
blinder,goldfish,chandelier
horn,trophy,guinea pig
rose,artichoke,crib
filter,radiator,fig
goalpost,tube top,slide
metal detector,strawberry,blowgun
toast,yogurt,carriage
koala,generator,moose
shoelace,lanyard,mouse
souffle,popcorn,television
rim,soap,gas mask
lantern,peach,barrel
cleaver,razor,gopher
seafood,stir fry,mascara
wasp,mosquito,pen
shower curtain,duster,appetizer
tiger,neck,beaker
bamboo,mop,snorkel
lanyard,bandanna,cockroach
shopping basket,cooker,firecracker
rack,elephant,scaffolding
album,canvas,grate
cocktail,garlic,clipper
ginger,sardine,bowling ball
airboat,birthday cake,stove
centrifuge,koala,laser pointer
fire,cigarette,milkshake
gas mask,flatiron,corsage
stamp,highlighter,fire
cruise ship,hay,snowboard
brace,whale,bandage
keg,zebra,funnel
duster,tuba,lip gloss
rocket,beer,cigarette
bowl,knee,gumball
face mask,baseball glove,coleslaw
chimney,cabbage,trough
fountain pen,magnet,dandelion
giraffe,polar bear,diamond
mop,paperweight,corsage
knob,smoke alarm,kale
zebra,headset,toucan
crab,drawer,toucan
jumpsuit,shopping basket,ironing board
telescope,map,poppy
dynamite,crown,crossbow
pepper,pastry,mascara
paintbrush,mosquito,spatula
wok,candy,raccoon
ambulance,chick,scooter
overalls,paper plate,stilt
cord,paperweight,fire
burner,pedometer,spider web
tractor,car door,playpen
blowtorch,tree,scoop
road sign,corsage,fishhook
magnet,siren,meerkat
dirt bike,bomb,roll
garter,tie,rack
sugar cube,berry,doll
padlock,gas mask,cockatoo
broom,ping-pong table,corsage
cranberry,bassoon,bead
raincoat,lab coat,chisel
batter,carriage,pet food
burner,crow,candy bar
spider web,rake,television
slide,shutter,corsage
seismograph,poppy,toaster oven
terrarium,headband,roller
jelly bean,grape,coat
bulletproof vest,arugula,bra
earplug,papaya,pipe
cigarette holder,hawk,chinaware
punch,goose,pepper mill
bassinet,rabbit,mat
poker,cigarette holder,artichoke
seal,cockroach,palette
bulldozer,spring roll,camper
polisher,mint,shoehorn
microscope,deer,scaffolding
polygraph,odometer,cherry
footprint,sandal,okra
tupperware,tab,splinter
boat,headband,anchor
hinge,beaver,tongs
beaver,incense,ladybug
grain,turntable,candy cane
alpaca,monkey,hydrant
matchbox,cocoon,ruler
dirt bike,shopping basket,boat
eagle,tennis ball,swan
yolk,throne,wine
casserole,bathmat,hot chocolate
melon,kebab,gravel
stair,home plate,poodle
cooker,cheese,spider web
poinsettia,eyeliner,strawberry
food processor,camera lens,pigeon
raspberry,swan,potato
coin,trashcan,vulture
palette,space shuttle,stamp
ruler,padlock,shark
cracker,arugula,jet
container,corsage,magnet
bubble,pincushion,playpen
rabbit,cockatoo,fruitcake
sunglasses,microphone,fire
game,spider web,door
pocket watch,camcorder,grate
hammock,stake,turntable
triangle,chain,shark
revolver,drill,barrel
kale,watermelon,target
chicken,computer,juice
armor,grinder,celery
ski pole,staple gun,sushi
mashed potato,first-aid kit,pretzel
riser,corsage,streetlight
penholder,knee,gutter
cocktail,flan,hubcap
remote control,iron,brussels sprouts
beard,toga,manhole
boxer shorts,paintbrush,mannequin
pallet,kaleidoscope,block
lampshade,chair,calf
seal,cobra,cable
diamond,penholder,stair
cuckoo clock,loom,warthog
bow,overalls,airplane
caviar,mold,sidecar
panda,corkboard,mustache
mousepad,videogame,grate
patch,knee,fire hydrant
snowshoe,dart,grate
cereal,spider web,hotdog
crayon,sequin,tadpole
bark,space shuttle,teepee
fishbowl,space shuttle,bison
eagle,locket,seagull
peanut,jam,bungee
dessert,gun,gravy
shears,fur coat,icepick
baton,badger,bottle opener
juicer,knee,bologna
tractor,chariot,diaper
firecracker,garter,funnel
joystick,meerkat,abacus
school bus,coverall,ball
bead,lid,humvee
camera,okra,pothole
trowel,piglet,can
shutter,ironing board,cardinal
cap,balloon,vest
airbag,jackhammer,fern
emerald,gumdrop,vulture
undershirt,headband,shears
mitten,swimsuit,artichoke
sword,tennis ball,axe
pastry,jam,crate
staple gun,aloe,sim card
net,cordon bleu,gauze
wine,sifter,chick
beachball,marble,table
faucet,gumball,armor
birthday cake,scrambled egg,jetski
saw,electric chair,fur coat
bomb,trashcan,tapestry
grapevine,horse,knee
snowman,jeep,fire hydrant
pineapple,screwdriver,parsley
pipe,perfume,crystal
lava,totem pole,trombone
jelly bean,oar,celery
arrow,boar,magnet
calf,shower curtain,crayfish
hatchet,knee,cactus
lizard,horse,tablecloth
sewage,anchor,tapestry
stockings,record player,pocket
flask,hot-air balloon,remote control
pincushion,keyhole,cilantro
turtle,snake,candle
corn,first-aid kit,dough
wing,leek,tank
cobra,mosquito,quad
curry,wheelchair,peanut butter
hummingbird,bear,screen
casserole,chickpea,radiator
bug,sloth,scalpel
wax paper,waffle iron,duckling
egg roll,tostada,jewel
lip gloss,tongs,goose
stained glass,teacup,calf
grater,slug,butter
inkwell,pony,can opener
home plate,hot-water bottle,necklace
teddy bear,headscarf,golf cart
skeleton,overalls,okra
wig,ski lift,bowler hat
boat,corsage,stick
ferris wheel,slicer,warthog
camera,doormat,cilantro
bobsled,gazelle,boat
swizzle stick,tack,fire
moccasin,boot,cheeseburger
motorcycle,amplifier,owl
hairdryer,sweet potato,soldering iron
letter opener,bonnet,doorknocker
mattress,drawer,dolphin
foam,weasel,reel
cord,bowling ball,hanger
gum,timer,knee
pendulum,knee,pan
coaster,vulture,cleat
hatchet,pendulum,marshmallow
spareribs,grate,crayfish
broom,gate,meerkat
thermometer,gavel,knee
pheasant,snake,racket
extinguisher,cannon,owl
windowsill,knee,comic book
cane,can opener,fire
barcode,window,hawk
ram,donut,alpaca
slicer,remote control,dolphin
helmet,okra,trampoline
bench,crucifix,vulture
hatbox,chinchilla,dumpster
fireworks,shark,fuse
penguin,mushroom,fire
boxing gloves,goose,sleeping bag
wheat,sushi,bowling ball
dolphin,hairpin,moose
tennis ball,basketball,dolphin
scraper,eagle,tool
dumbbell,dolly,chick
starfish,peacock,cabinet
radish,wing,squid
cheeseburger,diaper,clay
slime,ice,fire
fishing pole,chainsaw,meerkat
doorhandle,raspberry,polisher
stick,road sign,thread
ladle,holster,vulture
calf,meat,shopping basket
broccoli,speedboat,whipped cream
tongs,cockatoo,funnel
mousetrap,knee,coop
fingerprint,tuba,granite
cereal,omelet,seaplane
vegetable,ladder,measuring cup
megaphone,chalkboard,cilantro
wooden leg,pom-pom,jeans
slide,diamond,gearshift
rearview mirror,chariot,arugula
missile,grate,headrest
carrot,eggplant,chisel
pipe,bazooka,corsage
pool table,eagle,springboard
magnifying glass,icemaker,bamboo
ratchet,tuning fork,vulture
megaphone,valve,corsage
trashcan,basketball hoop,boar
grass,pesto,rickshaw
oil,hawk,kebab
spoon,guinea pig,dumbbell
paper bag,scarf,raccoon
cat,boar,doily
starfish,puddle,shell
manatee,alpaca,helmet
smoke alarm,prism,vulture
diving board,cardinal,keyhole
meerkat,lamb,telegraph
thimble,weasel,spout
dolly,brake,whale
cream cheese,mussel,kayak
streetlight,razor,knee
mustache,bowling ball,tooth
hairpin,kale,bolo tie
water bottle,finger,smoothie
robe,macaroni,uniform
trashcan,ankle,road sign
pomegranate,whip,ginger
nose,ear,marker
gravestone,door,thread
spaghetti,knee,lamb chop
lampshade,incense,binoculars
spider,gumball,peacock
crow,guinea pig,locket
stroller,bull,buggy
scallop,nacho,playpen
pet food,spring roll,tuba
goldfish,boxing gloves,cat
towel,wolf,handkerchief
surfboard,aardvark,slide
daisy,ladder,green beans
cream,bedpan,seal
sandbag,scaffold,doll
calamari,notebook,grape
chipmunk,possum,train car
cabinet,piglet,bracket
fudge,star fruit,soccer ball
coffee,oil,paddle
pants,scarf,scallion
football helmet,meerkat,basketball
toaster oven,credit card,zebra
lanyard,polar bear,mouthpiece
cactus,bowling ball,tee
espresso,polar bear,sugar cube
staple,water heater,eagle
french horn,banjo,croissant
speedboat,pastry,jetski
scissors,bumper,goose
mitten,cilantro,bow
slipper,velcro,peach
leggings,wood,elbow
stalagmite,quad,sponge
pedal,hawk,fire pit
baton,dumbbell,raspberry
squirrel,raccoon,toothbrush
banana peel,squash,bowling ball
pastry,pot,seatbelt
riser,sloth,credit card
undershirt,crystal,sweatsuit
rat,cat,basketball hoop
battery,guillotine,shark
saxophone,panther,trumpet
hood,figurine,chisel
shutter,shark,blind
grater,sheep,nail
camel,sofa bed,hippopotamus
ice cube,badger,lamb chop
fence,cake mix,fencepost
twig,gravel,playpen
tattoo,bowtie,forklift
radish,sword,cream cheese
pigeon,badger,wire
guillotine,knee,tent
sewing machine,pogo stick,okra
barrette,beaker,girl
punching bag,jersey,artichoke
nail clippers,artichoke,doormat
sim card,thermos,cilantro
mongoose,contact lens,tick
crown,cigarette,centerpiece
couch,tuba,velcro
sushi,soup,racket
wallet,cork,peach
humvee,bungee,dashboard
scorpion,shark,chime
french fries,ice cube,tennis ball
ski boots,gas mask,ram
van,hawk,train set
vial,kangaroo,lip balm
popsicle,flour,first-aid kit
gourd,sponge,snorkel
photograph,hearse,shell
costume,rock,handprint
pool table,knee,tape recorder
boulder,sidecar,pine tree
first-aid kit,minivan,gurney
tumbleweed,flute,birdhouse
peach,shower curtain,fondue
shrimp,thread,platypus
throne,carriage,bush
walrus,ram,fire
highlighter,painting,foot
ticktacktoe,corsage,sticker
radish,blimp,bonsai
ambulance,papaya,dirt bike
snowplow,boar,buggy
tape recorder,briefcase,aardvark
aluminum foil,bug,zipper
canvas,leash,cardinal
honey,curry,skull
matchbox,quad,ashtray
bear,seal,cooler
wire,pastry,bungee
coleslaw,lamb chop,toe
tamale,jet,hay
cocoon,dartboard,jalapeno
noodle,hoodie,chili
clock,knee,ironing board
milk,kitten,water filter
paper towel,dishrag,eagle
bamboo,revolver,toothpick
gourd,ladder,sushi
sling,man,candle
go-kart,spaghetti,arch
bone,bubble wrap,handprint
fishhook,basil,paddle
sushi,blender,fence
latte,crate,breadbox
bandage,red carpet,tuba
mantle,cilantro,lens
incubator,tuba,penholder
rocket,train car,sheep
solar panel,diving board,raccoon
helmet,football helmet,grass
squirrel,cape,cobra
snowplow,fishnet stockings,gutter
eel,paper plate,groundhog
wind chimes,knee,breadbox
closet,hawk,computer screen
blower,swan,roller
seahorse,koala,fire
jam,stuffing,tapestry
dumpling,candy bar,hydrant
latch,trailer,cabbage
stapler,hawk,lock
hot tub,coffee pot,beaver
magnifier,swan,frame
trigger,spider web,mask
strawberry,beet,loom
zebra,lid,duck
headlamp,apple,jewelry
treadmill,spider web,canvas
turnstile,okra,subway
ship,cardinal,lifesaver
periscope,remote control,flan
crepe,axe,donut
taillight,artichoke,gear
ashtray,coffee filter,grate
stalagmite,gravestone,revolver
axe,screw,fishnet stockings
handcuff,mask,jam
gavel,whale,dart
chalkboard,artichoke,amplifier
calf,jetski,cockatoo
microwave,wine cooler,bowling ball
train car,switch,bathrobe
memory stick,webcam,raccoon
fingerprint,duct tape,grate
roadsweeper,beaver,taillight
lizard,hawk,notebook
possum,shoelace,praying mantis
rickshaw,incense,police car
ice,corn,necklace
mistletoe,face mask,hail
amber,pearl,kite
wrapping paper,monkey,blind
panda,racket,hummingbird
strap,jump rope,bean
firetruck,mint,jack
scaffolding,cabbage,revolving door
jigsaw puzzle,goose,frame
ice,doll,shower cap
scaffold,scallion,tray
cymbal,sheep,checkers
first-aid kit,pillbox,meatball
hedgehog,beachball,raccoon
chick,alligator,closet
pasta,tank,mug
chest,foot,jet
bracelet,footrest,whale
spam,toast,revolver
hopscotch,swing,melon
mold,dolphin,coffee pot
airboat,humvee,souffle
log,diamond,lavender
washboard,umbrella,chipmunk
apple tree,pomegranate,wand
rice,uniform,pancake
mirror,centrifuge,eagle
blind,polar bear,shopping cart
granite,rubber band,raccoon
pin,penholder,hawk
dresser,stirrup,parachute
blanket,walnut,ottoman
pogo stick,swan,duct tape
rhinoceros,wire cutters,calf
dish,scoop,vulture
pliers,meerkat,exerciser
gravy,cake mix,dolphin
wine bottle,umbrella,owl
match,casserole,cigarette butt
wetsuit,cornhusk,spring roll
mouse,fishbowl,aluminum foil
bathmat,awning,calamari
whoopee cushion,trampoline,hawk
jump rope,raccoon,pocket watch
shoulder,sword,kneepad
souffle,burner,bunkbed
book,sheep,freezer
microscope,tab,ram
burrito,hummus,hubcap
moose,blazer,boar
turtleneck,straightjacket,screwdriver
bow,rabbit,headscarf
spoon,roof rack,raccoon
step stool,boar,pulley
train set,knee,cruise ship
meatloaf,soccer ball,hot chocolate
mold,washing machine,pigeon
neck,sword,flip-flop
seafood,log,hairdryer
mousepad,album,fire
squid,turkey,step stool
gear,crane,peach
letter opener,padlock,poinsettia
denture,stethoscope,airplane
kebab,blouse,hummus
ivy,granola,chisel
power line,rack,gazelle
toilet,peach,glasses
pallet,duct,seaplane
organ,chessboard,face
bear,bee,calculator
webcam,catfish,headset
arugula,bassoon,zucchini
hose,drain,poodle
parachute,airplane,coal
swing set,knee,bark
crystal,rooster,emerald
emerald,shuffleboard,vulture
spinach,fruit,bassoon
cherry,knot,cordon bleu
record player,roulette wheel,boar
bank,badger,doormat
cord,videogame,doll
cannonball,mango,sidecar
chalkboard,roulette wheel,corsage
noisemaker,iguana,pennant
turtleneck,bullet,headscarf
coil,pin,pancake
stair,catfish,prism
grain,sidecar,mint
rat,playpen,boar
rolling pin,beaver,sifter
clothespin,duct,corsage
hairspray,rollerskate,chive
stockings,harness,laptop
soda fountain,shuffleboard,spider web
column,coral,globe
door,cockroach,gurney
ready meal,maggot,revolver
gong,rim,french fries
wagon,steering wheel,cockatoo
typewriter,spring roll,album
dip,space shuttle,plate
spatula,scale,cockroach
tricycle,lunchbox,pug
granola,grain,rickshaw
pacifier,palm tree,hot-water bottle
aluminum foil,cheesecake,ram
emerald,vulture,roller
rhinoceros,palette,leopard
binoculars,bazooka,corsage
meatloaf,diamond,tongue
shield,finger,chinaware
coffee bean,lemonade,machine gun
lingerie,volleyball,torso
remote control,poppy,water filter
wallet,knee,headlamp
easter egg,airplane,cheesecake
sunflower,filter,bark
sarcophagus,gumball,ramp
leaf,bark,record
salami,shell,parfait
wagon,forklift,crayon
beard,arm,carriage
beanie,pallet,loincloth
firewood,brick,denture
lipstick,gift,donkey
glue,lion,lightbulb
soccer ball,trombone,golf club
lizard,otter,pantsuit
thermostat,bowling ball,ramp
subway,panther,humvee
christmas tree,grate,place mat
scrabble,boar,book
man,grate,puppy
chalkboard,bowling ball,washboard
christmas tree,buffet,grate
tool,mint,knitting needle
saffron,gun,sorbet
torso,loincloth,tape
typewriter,dice,hedgehog
backgammon,polar bear,tee
cable,battery,skirt
panties,saw,straightjacket
coffee filter,confetti,carriage
hearse,carriage,cilantro
kilt,cream,top hat
gift,chipmunk,top hat
headlamp,boar,scale
clothes,headdress,aardvark
poinsettia,crib,grapefruit
macadamia,camper,scrambled egg
granola,anchor,weed
viewfinder,wine bottle,okra
lamb chop,mug,corsage
pretzel,potpie,grille
lens,hedgehog,dishwasher
tapestry,mitten,enchilada
lego,pinball,pheasant
whiteboard,knee,box
match,fireworks,cocktail
eyepiece,marshmallow,sweatsuit
marshmallow,hose,fudge
shower curtain,bison,clothes
appetizer,peach,bobsled
enchilada,rack,whisk
leech,flip-flop,fire
meatloaf,fruit,thread
generator,centrifuge,lion
pulley,beer,fire hydrant
stretcher,submarine,mouse
bazooka,diaper,piggy bank
ottoman,doghouse,meerkat
carrot,pecan,brass knuckles
watch,engine,wood
diving board,kazoo,artichoke
yoke,diaper,kettle
vegetable,ginger,ladder
tea,mug,torso
beanbag,hyena,bagel
donut,lasagna,camcorder
pea,shoe,quesadilla
bullet,arrow,sandwich
potholder,hairnet,weasel
plastic film,bacon,violin
screen,dumbwaiter,parfait
razor blade,doorknocker,hawk
nightstand,parachute,vacuum
container,waffle iron,corsage
flag,fire,raft
apron,pincushion,squirrel
scoop,bedpost,bowling ball
toad,hairpin,calf
pearl,tuba,porthole
torpedo,hook,knee
curtain,doorbell,tuba
watch,piglet,handcuff
swan,bedpost,iguana
rim,lettuce,tambourine
cutting board,eagle,batter
parrot,match,crab
harmonica,cigarette holder,necklace
lumber,sheep,lectern
warthog,turtle,tupperware
teddy bear,shears,mousepad
mosquito,grasshopper,flipper
cooker,croissant,mongoose
apple tree,car,wrap
snowplow,shopping basket,canoe
calamari,pea,ladder
bank,lemonade,meerkat
satellite,peach,swing set
croissant,tomato,eraser
speedometer,window,whale
gate,necklace,roadsweeper
chili,otter,french fries
chandelier,grasshopper,locket
bikini,beaker,wooden leg
beard,recorder,earplug
parsley,peanut butter,pacifier
napkin ring,acorn,panther
gas mask,cardinal,trunk
wax paper,poppy,awning
harness,scallion,coat
puppy,pillbox,zebra
revolving door,raccoon,road sign
grass,wing,pitchfork
hamburger,honey,space shuttle
buffet,hash,blimp
car,pea,submarine
headdress,first-aid kit,hair
ink,hookah,leek
blindfold,grate,whiteboard
paint,owl,easter egg
gasket,squid,tab
chair,raccoon,tape measure
hairbrush,raccoon,blindfold
sticker,pinwheel,swan
puddle,filter,apple tree
quesadilla,cinnamon,saxophone
crate,duct,melon
bazooka,windshield wiper,papaya
syringe,vial,quad
stockings,bell pepper,costume
navel,bowling ball,racehorse
polar bear,guinea pig,hook
finger,nose,rickshaw
sea urchin,marijuana,wrench
notepad,koala,scanner
chessboard,coaster,swan
faucet,window,poppy
license plate,knee,backpack
doorhandle,pancake,grill
cookie cutter,kite,buffet
shelf,arugula,sink
teacup,calzone,whale
leek,bucket,ginger
swan,sorbet,horse
sunroof,duct,vulture
anchor,sickle,bow
lightbulb,fire alarm,spider web
muffin,racket,taco
tree,ivy,quad
snowshoe,tooth,grate
lasagna,handcuff,tortilla
basketball hoop,warthog,rake
home plate,cilantro,touchpad
airplane,sequin,sunroof
toe,blowtorch,bracelet
pill,ladder,tooth
tape,cockatoo,lens
fox,grapevine,floss
cookie,marshmallow,soccer ball
shower,croissant,car seat
trough,stirrup,bowling ball
jewelry,carrot,diamond
wrap,turntable,mushroom
antenna,flatiron,pancake
anvil,toe,container
vegetable,cracker,jeep
incubator,tuba,wrap
crayon,paint,pedal
tractor,playpen,trashcan
frisbee,basketball,asparagus
triangle,sweeper,grate
barrel,hair,cooker
jellyfish,butterfly,humvee
gyroscope,boar,gold
stained glass,cat,quilt
mouth,revolver,wig
wheelchair,stretcher,earwig
yoke,cross,marshmallow
footprint,grate,sandbox
necklace,bow,manhole
balance beam,railing,cilantro
saffron,kayak,star fruit
trashcan,pothole,ankle
bin,mouse,trashcan
incubator,tape recorder,grate
lantern,piglet,slicer
buckle,flashlight,curry
face mask,whistle,crayon
thumbtack,money,torso
camera,iron,cilantro
grate,lava,washboard
bow,chisel,tattoo
cracker,peanut,cruise ship
pencil,cork,cherry
ribbon,bracelet,badger
wallet,honeycomb,bumper
footrest,microphone,rose
tuba,guitar,taco
dragonfly,meerkat,sofa bed
spout,valve,moth
sandal,credit card,souffle
canoe,grate,thermos
cobra,bongo,praying mantis
cymbal,meerkat,headphones
trophy,candlestick,chick
padlock,train set,blackberry
bulletin board,chalk,hawk
milk,chocolate,lifesaver
wand,fishhook,zebra
light switch,dresser,cardinal
can,mousetrap,fire
snowman,wall,knife
crank,hard disk,cardinal
charcoal,face,extinguisher
swan,toaster,crab
doorknocker,knee,vase
fishbowl,fish,peg
nightstand,modem,pheasant
maple syrup,toaster oven,polar bear
sugar cube,dynamite,burrito
suitcase,camera lens,scallion
pasta,tomato,vulture
limousine,carriage,arugula
statue,coverall,peg
crouton,fondue,laptop
chest,bubble wrap,braid
cup,coffee pot,shears
sauce,meerkat,roll
goblet,compass,guinea pig
windshield,wreck,corsage
slipper,wetsuit,cilantro
chess piece,cilantro,seesaw
pheasant,weather vane,cutting board
snowplow,pasta,roadsweeper
maggot,banjo,gazelle
peppermint,pickle,owl
cheesecake,smoothie,marble
punch,moth,gyro
cabbage,beet,marker
jump rope,air pump,vulture
block,sidecar,hanger
film,okra,cash machine
boomerang,trowel,pancake
marble,balloon,jeep
gramophone,thimble,toe
shell,gear,coffee
beer,spear,punch
polisher,coverall,rabbit
centerpiece,trumpet,turkey
airplane,cashew,car door
cloud,first-aid kit,teepee
cornhusk,bowling ball,chili
banana,hamster,humvee
hairpin,turkey,clasp
sardine,juicer,pallet
beehive,tuba,bun
penlight,vulture,cot
skull,snack,mullet
modem,saltshaker,spider web
hail,space shuttle,rhubarb
possum,lampshade,crow
stethoscope,leash,curry
sloth,pony,bracket
scarf,cot,shell
chalice,tiger,glass
bathrobe,mosquito net,ostrich
tape recorder,koala,kettle
rooster,fish,wrapping paper
rim,poppy,container
carrot,pedal,cornbread
mole,possum,peppermint
boxer shorts,rack,kneepad
tiger,reindeer,face mask
spaghetti,board,gingerbread man
can,chips,corsage
meat grinder,watermelon,kite
file,knitting needle,boar
tostada,scrambled egg,thread
koala,mole,canister
octopus,jellyfish,jeep
potholder,deer,yarn
roulette wheel,dolphin,dashboard
mouthpiece,knee,inhaler
football,bubble wrap,slide
ant,wand,kitten
dreidel,stool,knee
grasshopper,grass,turntable
spatula,grater,pigeon
handlebar,paperweight,spider
reindeer,wick,saddle
urinal,crumb,cardinal
warthog,wrench,piggy bank
pinecone,knee,gourd
coverall,bulletproof vest,tuba
egg,hubcap,popsicle
folder,altar,mosquito
headlamp,hook,deer
test tube,honeypot,muff
turban,snowplow,hat
buoy,cracker,waterwheel
copier,rudder,chipmunk
first-aid kit,loveseat,inhaler
anteater,maggot,jeep
sauce,carriage,popsicle
weasel,grille,slug
sailboat,french fries,torpedo
megaphone,corsage,car seat
coffee table,slug,chinaware
margarita,coyote,blueberry
candy bar,washcloth,gallows
lobster,gopher,pickax
flypaper,diamond,skin
toast,fruit,knee
cobra,cardinal,manhole
teacup,wok,kayak
stingray,butterfly,necklace
cross,board,bowling ball
meerkat,mosquito,jump rope
defibrillator,hawk,rust
shower curtain,spinach,cot
dandelion,penholder,brass knuckles
shopping basket,headscarf,toaster oven
magnifier,trunk,pear
walker,corkboard,mosquito net
tank,pitchfork,oatmeal
collar,fire,shoe
cable,cream,radio
toga,hoodie,tugboat
plastic film,whale,can opener
baton,stirrup,apple tree
gravy,milkshake,kite
tile,jeep,telephone pole
moccasin,sock,coleslaw
garbage truck,soldering iron,pony
reindeer,kangaroo,palette
snack,firetruck,pan
balloon,scalpel,cotton candy
dagger,soap,drill
gavel,turnstile,papaya
shell,keg,corsage
goat,highchair,scorpion
chaps,basil,cummerbund
basketball hoop,antenna,bonnet
sarcophagus,gumball,suspenders
rat,meat,pantsuit
lightning bug,tick,bus
air mattress,vulture,phone booth
canvas,spider web,coaster
oyster,dessert,diaper
diving board,poodle,battery
tapestry,cigar,bow
skunk,swordfish,racket
webcam,hedgehog,fan
oyster,playpen,syrup
paper bag,cornhusk,knee
bobsled,dough,van
bowl,perfume,pony
cannonball,coffee filter,thread
bolo tie,spider web,razor
bug,sofa bed,panda
candy bar,carriage,fuse
paper,jetski,backgammon
starfish,space shuttle,wasp
dirt bike,barbell,bubble wrap
ladybug,blimp,mole
skateboard,checkers,blouse
flypaper,guillotine,knee
cd player,kale,switch
peanut,easter egg,anchor
nail polish,pony,lip gloss
diskette,scallion,solar panel
potato,robe,lemonade
shutter,okra,barcode
cable,rickshaw,motherboard
bongo,watch,ladybug
handcuff,neck,arugula
chips,ready meal,golf cart
bat,tuba,grapevine
javelin,lawnmower,milk
bowler hat,poppy,towel
broom,snowboard,meerkat
bazooka,ear,marshmallow
muff,bathrobe,gumball
cornucopia,cornhusk,violin
record,potato,metronome
wax paper,diving board,seahorse
wall,blowfish,vent
sundial,milk,abacus
bed,tugboat,column
bib,bowl,mouse
clipper,celery,garter
flamingo,bookshelf,caterpillar
pomegranate,revolver,easter egg
chopsticks,swan,saucer
safety pin,chimney,skunk
boulder,wire,cactus
periscope,corsage,scale
pillbox,pill,shawl
wand,bell,swimming pool
eggplant,food processor,tuba
hedgehog,punch,seahorse
tab,vent,kangaroo
water fountain,corsage,stove
pretzel,stuffing,machine gun
lip balm,hawk,penlight
trumpet,polar bear,xylophone
cigarette,flamethrower,tricycle
pennant,knee,chalk
firetruck,ravioli,payphone
coffee,xylophone,marmalade
envelope,meerkat,toilet paper
pickax,blouse,duct
photo booth,cream,toga
chaps,cleat,cilantro
cape,vest,corkboard
lava,sandcastle,knee
magnet,shoe,meerkat
bush,clarinet,mulberry
shelf,deer,camera
keg,lock,fox
jersey,swan,clothes
burrito,snowplow,waffle iron
tick,quill,fire
carrot,beachball,hamburger
corsage,pita,petal
pig,incubator,button
pocket,rollerblade,cardinal
blazer,hoodie,cardinal
punch,bun,panther
trailer,diamond,cabinet
spinach,bulletproof vest,arugula
amber,corsage,diamond
ship,easel,croissant
matchbox,extinguisher,arugula
kangaroo,jellyfish,thumbtack
bok choy,playpen,flower
sim card,mold,arugula
spinach,burrito,notebook
tee,souffle,paperclip
stroller,suitcase,crab
watch,swan,roulette wheel
boot,playpen,headlamp
compass,ankle,saddle
carousel,knee,urn
cloud,thread,sandbox
torpedo,knee,crank
bow,wing,towel
shopping cart,mosquito,trough
envelope,spider web,paperweight
smoke alarm,raccoon,lip balm
ballot box,computer screen,strawberry
clipper,machete,gumball
sorbet,ketchup,wheel
seagull,charcoal,peacock
stingray,sewage,button
bazooka,centrifuge,pancake
duckling,lamb,helmet
bamboo,straw,sequin
ketchup,mousse,turntable
calamari,juice,train
wooden leg,mousetrap,crystal
teddy bear,sonogram,knife
kale,chips,typewriter
ashtray,eggplant,playpen
magnifying glass,fishhook,eagle
knot,seatbelt,limousine
belt,patch,swan
cannonball,finger,onion
corsage,cleaver,wreath
coconut,tapestry,pea
towel rack,hummingbird,screen
scalpel,tortilla,air pump
weasel,glue,vulture
tennis ball,filter,football helmet
trap,engine,knee
blueberry,grapevine,machine gun
shoehorn,hawk,zipper
bedpan,piggy bank,pony
ice cube,tennis ball,popsicle
road sign,corsage,handlebar
taxi,knee,luggage
luggage,peach,telegraph
surfboard,duffel bag,polar bear
meatloaf,sword,bologna
hairspray,lingerie,crystal
football,grate,mouthpiece
snowball,icemaker,flute
computer,cassette,clipper
grate,bacon,radiator
pomegranate,quiche,baton
easel,swimming pool,knee
cigarette,charcoal,orangutan
cornbread,hamburger,eyeliner
duckling,antelope,curling iron
plaster cast,chaps,spring roll
snowmobile,necklace,bulldozer
mannequin,artichoke,uniform
candelabra,potpourri,duck
peach,magnet,wrap
margarita,wine cooler,face
fish,cactus,jeep
dumbwaiter,hawk,lunchbox
kiwi,blimp,brownie
ottoman,tent,dolphin
soda fountain,pie,lion
deer,hot tub,iguana
chick,panda,nail
orchid,gallows,jalapeno
arch,cilantro,key
turkey,guinea pig,mattress
possum,sloth,tank
peppermint,honeypot,moth
snack,hammer,gumball
toilet paper,raincoat,boar
drain,dumbbell,peach
shopping basket,toaster oven,dynamite
anchor,ant,aircraft carrier
hippopotamus,incense,groundhog
stool,gear,dolphin
tongue,footbath,carriage
curry,pistachio,beaker
perfume,hedgehog,curling iron
robe,neck,abacus
crystal,gem,alpaca
granola,face mask,counter
jumpsuit,leg,knob
turntable,oven,stingray
hip,loincloth,beachball
crab,book,gorilla
pole,pancake,nail file
robot,spider web,piggy bank
deodorant,eagle,mouthpiece
hay,snowsuit,ivy
dessert,potpie,knee
siren,stirrup,raccoon
column,chute,cilantro
gyroscope,shark,parking meter
gyroscope,raccoon,wind chimes
toothbrush,lumber,curling iron
spring roll,lamb chop,coil
retainer,fire,navel
canoe,playpen,gear
sausage,hamburger,kite
beanie,cloak,yacht
penlight,boar,file
needle,eyedropper,shark
rhubarb,sorbet,finger
handcuff,key,jam
lunchbox,cockroach,toy
ice cream,fire,gumdrop
sweater,gun,cushion
grasshopper,monkey,sidecar
flask,panther,sink
olive,camcorder,wheat
cot,knee,copier
coffee pot,mailbox,moth
violin,trombone,wire
lip balm,faucet,cockroach
flagpole,barbed wire,powder
trombone,diamond,barbell
wine cooler,beaver,pump
iguana,fire,eggplant
medal,hinge,chipmunk
ratchet,ankle,shears
kiwi,bok choy,dagger
melon,basil,banjo
log,wheat,knee
grass,cape,potpourri
cordon bleu,okra,baton
strap,springboard,rooster
cape,grape,jacket
scarecrow,icicle,grate
stick,trident,knee
headband,pants,carriage
vial,letter opener,kite
poodle,beetle,jar
duckling,jellyfish,tile
eggshell,throne,toast
trunk,pony,doorknob
mold,candy cane,crow
handle,tab,whale
cleat,corsage,perfume
face mask,shoehorn,patty
marble,groundhog,crystal ball
sheet,briefcase,first-aid kit
moss,sofa bed,guardrail
bedpost,rocking horse,owl
yolk,sorbet,footprint
oyster,batter,grate
train set,rocket,milk
food processor,hawk,bolt
napkin ring,kayak,brooch
ice-cream cone,whale,pistachio
switch,vulture,jack
harmonica,diaper,pot
cashew,trolley,lasagna
top hat,badge,whale
mango,mustard,playpen
jersey,card,deer
scorpion,reindeer,handkerchief
sequin,gumball,wasp
cello,pulpit,flamethrower
water fountain,juicer,garter
bolt,revolving door,raccoon
gravestone,viewfinder,cream
onion,nacho,handcuff
scalpel,chainsaw,basil
wine bottle,gutter,aardvark
noisemaker,bag,toad
ostrich,birthday cake,peacock
plum,tortellini,crane
beaver,valve,fox
daisy,broccoli,cooler
gauge,handbrake,basil
tick,tadpole,trombone
sledgehammer,veil,holster
fox,porcupine,toothpaste
honeycomb,eyeliner,onion
dish,gyroscope,knee
torch,candle,donkey
doghouse,marshmallow,gravestone
dice,knee,mantle
flan,footrest,garlic
magnet,raccoon,watch
bowl,oilcan,grate
train set,cream,photograph
stretcher,generator,gyro
folder,bank,panther
ottoman,slug,icemaker
lifesaver,sloth,timer
christmas card,cilantro,eraser
cilantro,baton,sprouts
briefcase,cockroach,collar
bank,cage,goose
nightshirt,wetsuit,melon
cuckoo clock,face,trophy
cruise ship,train,hedge
dashboard,crayon,turnstile
wrapping paper,firewood,velcro
gargoyle,thread,dalmatian
dice,vulture,jewel
barrette,okra,razor
bomb,bowling ball,waterwheel
omelet,shell,tooth
container,raccoon,altar
cart,fence,knee
wineglass,pot,guinea pig
teepee,gumball,hook
drum,stereo,salad
nacho,filter,almond
bark,pacifier,coop
coal,extinguisher,beanie
clipper,jalapeno,trombone
earring,fire,jumpsuit
compost,chandelier,bumper
wreath,sidecar,fern
ear,shell,puppet
football,finger,scooter
coffee table,hook,finger
ladder,pelican,chime
beard,mosquito net,sequin
dip,anchor,wineglass
muffin,spoon,sword
cucumber,sushi,yo-yo
sugar cube,clay,space shuttle
ruler,doorknocker,rabbit
spatula,rhinoceros,whisk
wheel,hole,handkerchief
otter,notebook,spider
bulletin board,lightbulb,swan
mouse,marble,tadpole
sheep,stretcher,meerkat
praying mantis,match,stingray
xylophone,hamster,ping-pong table
recliner,copier,pear
orchid,firetruck,poinsettia
thumb,carriage,bone
box,window,knee
buckle,tab,bell pepper
boy,bucket,mouth
peach,wood,cheeseburger
dirt bike,spring roll,scoreboard
undershirt,tube top,chisel
wheat,teepee,beaker
fudge,windsock,cashew
cable,nut,hotplate
blowgun,pancake,ski pole
wheelbarrow,trowel,finger
stump,column,scalpel
loveseat,cockatoo,coop
smoothie,icemaker,record
chest,shoulder,airplane
aardvark,mantle,hyena
goblet,polar bear,bell
handkerchief,bandage,power line
chest,wrist,strainer
wok,ram,lamb chop
pedal,barbed wire,ferret
candy,jeep,counter
grenade,first-aid kit,bullet
parsley,walnut,chandelier
dumbbell,ram,sweeper
birdhouse,gate,knee
scarf,jet,mouth
hubcap,gyroscope,breakfast
aardvark,pheasant,gravel
coaster,measuring cup,grate
cantaloupe,ladder,saltshaker
mug,vulture,beanbag
sweeper,gumball,swing set
hot chocolate,fig,train
toaster oven,potpie,flower
lip balm,floss,grate
chinaware,badger,microwave
crouton,seaplane,chicken
snow,window,thread
overalls,crystal,skirt
gurney,headrest,cream
cellphone,flower,memory stick
punch,latte,gazelle
desk,treadmill,cocoon
tile,stockings,coop
projector,sweeper,corsage
bell pepper,brownie,sawhorse
motorcycle,speedometer,croissant
latch,papaya,nail file
creme brulee,blender,crayon
boomerang,clarinet,honeycomb
mixer,butter,lion
spider,frog,rack
pizza,juicer,tinsel
eye patch,headset,parfait
applesauce,wing,stir fry
centrifuge,tab,cockroach
football helmet,boar,lens
golf cart,rabbit,handbrake
rollerblade,poinsettia,steamroller
harp,spider,stirrup
creme brulee,wineglass,harp
rake,ramp,cockroach
safety pin,hot-air balloon,bedpost
tattoo,strainer,plaster cast
flower,truck,pomegranate
pen,nail file,crystal
balance beam,chair,vulture
sock,grate,muff
spatula,jump rope,eagle
ice cube,chicken,quad
slime,shell,pinwheel
dishwasher,toolbox,meerkat
dress,arugula,yarn
safety pin,seagull,harmonica
dollhouse,dolphin,flag
rocking chair,step stool,tiger
windsock,sandwich,antenna
space shuttle,steamroller,zebra
quad,marijuana,carriage
muff,gumball,snow
helicopter,pancake,wheelbarrow
lifesaver,aardvark,basketball
crib,modem,coal
shutter,rake,whale
insole,test tube,cot
scissors,pitchfork,stuffing
doorknob,slingshot,meerkat
bowler hat,fishnet stockings,crystal
sweatsuit,ski boots,gumball
hot-air balloon,blimp,papaya
punch,chime,avocado
game,license plate,piglet
beaver,alpaca,trombone
squirt gun,tooth,bubble wrap
octopus,kitten,stroller
crane,seaplane,beet
spider,alligator,tennis ball
stamp,knee,rug
rollerblade,payphone,piglet
sewing kit,spoon,knee
rudder,knee,shoe
tugboat,torpedo,cobra
asparagus,tuba,pole
footprint,tuning fork,log
dishwasher,aardvark,hard disk
jewelry,jukebox,swan
rim,snowmobile,foot
paper bag,whale,block
saltshaker,raccoon,candy
film,okra,cleat
shield,compass,goat
diskette,pedometer,whale
porthole,lamb,cement mixer
trunk,satellite,panther
pepper,uniform,salad
dreidel,teabag,whale
airplane,bomb,moss
boomerang,duffel bag,rabbit
tostada,pudding,quad
roulette wheel,hula hoop,ankle
windshield wiper,honeycomb,smoke alarm
raspberry,parsley,aircraft carrier
pulley,milk,spark plug
latch,wire cutters,flower
scrambled egg,dessert,flipper
dustpan,boar,pendulum
tongs,panther,penholder
computer,radio,calf
footbath,revolver,razor
periscope,bowling ball,leash
kite,balloon,seal
shopping cart,tape recorder,poinsettia
wheat,scrambled egg,bathtub
espresso,steak,jetski
corn,jet,pea
tiramisu,shell,coffeemaker
punch,sweet potato,gazelle
cake,splinter,grits
cheeseburger,tongue,screwdriver
washing machine,revolving door,vulture
towel rack,counter,shell
cot,corsage,basketball hoop
eyepiece,paper plate,glasses
rattle,mouthpiece,train
anchor,air pump,spider web
whipped cream,bacon,jeep
jackhammer,enchilada,chest
bucket,cement mixer,flower
tack,rabbit,hammer
flag,soap,swizzle stick
card,confetti,vulture
hip,beachball,pipe
urn,turnstile,gopher
engine,pocket watch,pony
gun,trigger,snack
pipe,diamond,splinter
cilantro,bookmark,fig
volleyball,rollerskate,crab
crib,green beans,ping-pong table
tiara,spur,cabbage
necklace,harness,fire
snowboard,gondola,grate
waffle iron,pigeon,pepperoni
punching bag,poinsettia,viewfinder
finger,straw,bracelet
wine,bus,urn
album,board game,eagle
counter,rabbit,bulletin board
blower,hotplate,swan
woman,snowsuit,bowling ball
dolphin,fish,printer
undershirt,spacesuit,shell
eel,pony,jeep
cracker,gallows,espresso
pancake,cordon bleu,nightshirt
gramophone,dish,mango
braid,beaker,boa
donkey,baton,monkey
coleslaw,meat,book
soap,tarantula,icemaker
mustard,oil,airplane
pencil sharpener,valve,artichoke
banana,humvee,ice cream
machete,road sign,gumball
ivy,clarinet,bee
kazoo,tripod,cockroach
chest,pants,barrel
pastry,rack,tostada
sheet,shower curtain,beaver
pearl,lens,jeep
padlock,dumbbell,piglet
speedometer,telephone pole,vulture
hydrant,brake,cabbage
rack,guacamole,tuning fork
flyswatter,corkscrew,vulture
gold,horseshoe,grate
brick,rag,pancake
nest,snake,tank
dashboard,apple,luggage
pie,mascara,lettuce
bee,swan,knob
towel,doorstop,mouse
coyote,spider,scalpel
lipstick,rocket,hairdryer
celery,moth,gourd
remote control,eagle,easel
mulch,trombone,handprint
extinguisher,oven,souffle
wrapping paper,fox,incense
music box,shark,toothpick
bank,bedpan,shark
sledgehammer,beer,trumpet
shoe polish,meerkat,guillotine
iguana,leopard,underwear
scuba,jetski,hedge
table,polar bear,incubator
slug,gurney,lobster
map,eraser,boxing gloves
frisbee,lunchbox,grass
juice,bowling ball,pasta
parfait,spider,peppermint
go-kart,napkin,binoculars
wig,knife,tube top
hairbrush,perfume,meerkat
bench,dolphin,coffin
crouton,chisel,gumdrop
bullet,cardinal,air pump
bucket,otter,workbench
antelope,lizard,treasure
dragonfly,flower,diamond
dragonfly,turntable,lizard
lifesaver,raccoon,coaster
toe,chickpea,bracelet
go-kart,roulette wheel,knife
needle,hedgehog,magnet
container,mirror,corsage
pomegranate,stew,baton
feather,trombone,owl
cockroach,koala,charcoal
train set,hook,cream
peppermint,fruit,seaplane
cheetah,notebook,tadpole
panther,paint,chick
swing,pine tree,souffle
polar bear,coyote,school bus
hip,eyepiece,sword
cotton candy,space shuttle,sushi
cheeseburger,jet,eggplant
air mattress,hanger,vulture
snail,calf,wire
nail clippers,cardinal,tape recorder
file,gas mask,badger
cheese,tennis ball,maple syrup
pencil,nutcracker,leopard
eyepiece,soap,neck
playpen,piggy bank,otter
stamp,orange rind,knee
measuring cup,raccoon,shaker
juicer,tuba,petri dish
spatula,swan,sewing machine
cat,paint,tarantula
mouse,alligator,thumbtack
weather vane,gumball,shutter
machete,knee,telegraph
potholder,gazelle,bow
dumpling,bologna,beaker
knee,tattoo,origami
oyster,cookie cutter,chisel
hookah,baton,raccoon
sequin,graffiti,rabbit
iguana,canister,moose
napkin ring,meerkat,saltshaker
ping-pong table,dolly,chipmunk
coal,stalagmite,bowtie
polaroid,piggy bank,piglet
truck,cockatoo,roof rack
hook,tool,cilantro
seatbelt,extinguisher,fly
wagon,shawl,trapdoor
blimp,kite,corsage
mast,crane,skull
ratchet,beet,fountain pen
soda fountain,scrambled egg,knee
pita,cabbage,scuba
stake,knee,arch
hobbyhorse,penholder,knee
roller coaster,headlamp,hedgehog
goggles,pineapple,hot-water bottle
glass,cockatoo,champagne
trashcan,clothesline,hawk
glass,counter,rabbit
weasel,aardvark,kite
incense,totem pole,knife
red carpet,brace,badger
bouquet,cranberry,flagpole
sandpaper,cork,diamond
cranberry,juicer,shower
roller coaster,jack,zucchini
belt buckle,balance beam,artichoke
sonogram,incubator,violin
can opener,engine,cobra
gourd,strawberry,jetski
possum,hawk,satellite dish
door,rust,moth
knitting needle,boar,cleaver
incubator,turf,grate
step stool,smoke alarm,duckling
mantle,badger,doorstop
sloth,pelican,jigsaw puzzle
recliner,peach,bassinet
soda fountain,prune,rabbit
sunflower,chime,sewage
caterpillar,horse,match
hook,sim card,poinsettia
sparkler,bear,pipe
cork,poker,cardinal
lizard,record player,piggy bank
shoe,melon,luggage
bongo,puck,hedgehog
jump rope,piglet,visor
roof rack,whale,odometer
shelf,abacus,goose
bookshelf,caterpillar,doorknob
walnut,nut,kayak
leotard,shell,blinder
dragonfly,rat,button
wallet,artichoke,chopsticks
glasses,moth,gyroscope
praying mantis,seatbelt,giraffe
xylophone,powder,dollhouse
zucchini,jalapeno,soccer ball
pantyhose,corset,tuba
ski lift,noisemaker,shopping cart
rollerblade,spider web,top hat
dryer,butterfly,canvas
dresser,hot-water bottle,sloth
palette,teacup,anteater
filter,moose,vent
carousel,palette,finger
shopping basket,cooker,rooster
dumbwaiter,mirror,corsage
comb,playpen,needle
wasp,button,blowfish
odometer,knee,snowplow
screwdriver,elephant,cutting board
wax paper,spatula,rooster
sewing machine,raccoon,awning
dirt bike,raspberry,scoreboard
coal,bathtub,powder
lollipop,gun,jam
bumper,trolley,knee
powder,twig,airplane
playpen,fern,toy
shark,porcupine,engine
panda,jet,fly
medal,trophy,beaver
candelabra,bank,iguana
sorbet,ladder,candy cane
sponge,stick,turntable
snowshoe,grate,bolo tie
sledgehammer,beer,washboard
chopsticks,yarn,grate
dice,knee,brooch
groundhog,chick,shopping basket
leg,tag,marble
hubcap,blanket,roof rack
hose,jump rope,turkey
gurney,pelican,hearing aid
lollipop,rabbit,pomegranate
wire,mouse,tape measure
buffet,shell,pomegranate
sandbag,boar,cream cheese
shell,dynamite,watermelon
cornbread,cashew,rack
honeycomb,toothbrush,popcorn
barbed wire,mud,cream
pajamas,cream,eye
corn,tuba,bologna
chariot,zucchini,hula hoop
payphone,peach,photograph
burrito,jalapeno,bookshelf
ship,police car,lime
granite,shell,shutter
steering wheel,clasp,peach
gear,swan,router
sock,knob,sleeping bag
television,gas mask,spider web
burrito,macadamia,chime
cheesecake,sidecar,walnut
game,ribbon,otter
wire cutters,quiche,ironing board
dollhouse,paper bag,boar
teabag,melon,knee
bean,finger,guacamole
cigarette butt,grate,straw
icemaker,bracket,knee
videocassette,basil,bulletin board
slot machine,meerkat,gum
drink,shawl,shaker
map,altar,papaya
patch,hawk,backdrop
lab coat,catfish,straightjacket
wetsuit,sail,donut
whale,rabbit,brooch
calzone,grits,beachball
eyepiece,leotard,bell pepper
filter,turkey,rake
lunchbox,patch,beaver
charcoal,wax,snowsuit
puppet,neck,bowling ball
funnel,rabbit,dice
vise,hubcap,raccoon
letter opener,toad,mallet
pendulum,knee,dartboard
yo-yo,hot-air balloon,wine
barbed wire,shutter,knee
zucchini,rocking chair,tulip
seatbelt,duffel bag,hummus
ant,mouse,hatbox
salami,spatula,shell
cilantro,swan,grapevine
fox,necklace,stingray
hairdryer,glue,doll
bonsai,hammock,jet
phone booth,briefcase,goose
cat,french horn,baby
bologna,hairdryer,toast
hip,wick,outfit
caterpillar,slug,chalice
lipstick,nail polish,powder
gramophone,modem,gyro
taillight,revolving door,artichoke
zebra,grate,kangaroo
bear,gurney,beaver
sandwich,gumdrop,ferry
boxing gloves,jersey,grasshopper
banana,pea,grate
extinguisher,artichoke,eyedropper
compost,hole,playpen
corsage,sweater,wreath
breadbox,tugboat,pallet
ottoman,dolphin,outlet
flour,corsage,soup
diaper,shower cap,turntable
gas mask,okra,combination lock
bottle,grate,food processor
plaster cast,pineapple,bolo tie
swab,bison,pill
unicycle,skateboard,squid
sarcophagus,trident,bowling ball
aluminum foil,nutcracker,toe
fencepost,gravestone,gumball
cufflink,grate,mold
chalkboard,artichoke,cellphone
reel,lightbulb,pony
clothesline,stake,cockroach
bolt,raccoon,sarcophagus
hovercraft,bun,ship
turban,lingerie,cabinet
cocoon,bullet,tulip
place mat,money,wolf
highlighter,moose,paper
organ,guitar,hawk
alligator,ant,bassoon
eagle,pug,highlighter
puck,whale,mug
painting,graffiti,fire
paper bag,pillow,tuba
payphone,corsage,globe
hockey stick,latte,fishing pole
photo booth,vulture,rattle
eclair,bread,dynamite
barrette,shoulder,spring roll
knob,bell,iguana
prune,tugboat,teapot
checkbook,okra,duct tape
ski boots,swan,sombrero
cup,petri dish,squirrel
doll,antenna,handprint
lavender,watering can,hubcap
cordon bleu,bell pepper,xylophone
flatiron,chick,earring
bark,garter,christmas tree
boa,anchor,braid
stirrup,car seat,corsage
palette,grate,easter egg
jersey,blouse,meerkat
pickax,gopher,baton
ship,streetlight,yolk
mallet,gramophone,licorice
overalls,eye,tuba
pendulum,knee,copier
meerkat,vial,monkey
inhaler,lantern,papaya
tupperware,bag,dog
diamond,clipper,crystal ball
hula hoop,shell,racehorse
dog,chick,beaker
keg,metronome,rhinoceros
pinball,centrifuge,cream
raft,gong,blowgun
trigger,baton,marshmallow
cookie,green beans,anchor
bell pepper,olive,violin
playing card,hedgehog,lunchbox
taxi,duffel bag,cabbage
bracelet,swan,fuse
rifle,metronome,daisy
flute,rhinoceros,cymbal
inhaler,basil,lip balm
spout,torso,terrarium
dragonfly,rack,owl
sofa bed,ostrich,sandbag
eye patch,skull,souffle
chimney,sawhorse,corsage
meat grinder,pom-pom,appetizer
hummus,screwdriver,spam
rudder,boar,hubcap
firetruck,taillight,orchid
penlight,hockey stick,rabbit
washcloth,sandal,tugboat
fishing pole,pancake,flipper
turnstile,dollhouse,brussels sprouts
can,workbench,boar
cruise ship,wreck,wood
candlestick,doorstop,coral
wrap,cucumber,bullet
gate,stake,cockroach
toothpick,dolphin,swab
pesto,whale,orange
rudder,column,knee
mask,hook,first-aid kit
cord,doll,fishhook
loom,cardboard,broccoli
centerpiece,cockatoo,cigarette holder
electric chair,moth,aircraft carrier
vegetable,chips,ankle
duct,mast,knee
duster,shower cap,grate
dumbwaiter,moth,maple syrup
glue,backgammon,fire
lettuce,waffle,staple gun
gravy,polar bear,hamburger
horse,kangaroo,blimp
hopscotch,diamond,dice
skirt,sweatsuit,wheel
bassinet,papaya,briefcase
doorhandle,sunroof,poodle
crowbar,lettuce,bolt
vulture,pelican,sandal
wire,staple,mole
hobbyhorse,sleeping bag,thread
coil,gyroscope,rat
soda,saw,egg roll
hat,pants,okra
vending machine,computer screen,corsage
windshield,corsage,prism
pearl,porthole,match
lettuce,record,juicer
tape,plunger,poodle
scrabble,chalk,raccoon
kale,tank,melon
rhinoceros,goose,bookshelf
breathalyzer,rabbit,sparkler
wall,grapevine,badger
cheetah,lumber,penguin
stomach,space shuttle,straightjacket
shopping basket,trashcan,hippopotamus
icicle,torpedo,headband
raft,sailboat,notebook
punch,meerkat,wine
lumber,board,burrito
mud,turntable,grain
toaster,sprouts,corsage
top hat,dolphin,wallet
fondue,ashtray,tuba
stake,knee,rake
pacifier,bassinet,board
water fountain,drain,goat
cooler,grill,bird
exerciser,lion,arch
keyhole,knee,seatbelt
gyroscope,ferris wheel,whale
cross,vulture,sledgehammer
wrap,banana,mascara
aquarium,bowling ball,goldfish
bowling ball,marble,blowtorch
envelope,gazelle,marker
dart,christmas card,knee
maple syrup,taffy,raccoon
hot-water bottle,raccoon,drawer
kangaroo,hedgehog,rocking chair
cardboard,beaker,sandpaper
scalpel,mallet,yolk
tuba,french horn,soccer ball
splinter,car,thumb
chicken,candy bar,parachute
crank,lens,vulture
camper,coop,ladybug
porcupine,pigeon,hatbox
otter,grate,hyena
car door,coleslaw,dolly
warthog,treasure,skunk
mussel,juicer,flute
ramp,graffiti,whale
armor,marmalade,shelf
bow,kayak,shoe
strainer,cleat,frog
coin,chalice,warthog
wrench,costume,screw
raisin,calamari,humvee
gate,first-aid kit,doorstop
spaghetti,popcorn,shell
badge,thimble,fire
pineapple,pizza,cabinet
backscratcher,dolphin,gyroscope
pocket watch,turnstile,raspberry
tortellini,mascara,garlic
leotard,shopping basket,sleeping bag
swan,rat,cigarette holder
measuring cup,trough,beaver
pineapple,engine,hummus
knife,wreck,flatiron
apple tree,grits,purse
lingerie,tiara,extinguisher
toothbrush,corkscrew,rat
videocassette,checkbook,piglet
goggles,bra,wood
bikini,bolo tie,shears
curb,ice pack,meerkat
ginger,jet,cooker
starfish,uniform,mosquito
notepad,odometer,guinea pig
bull,bungee,manatee
dial,foot,shield
